top	op	et	b	m	width	LUT	FF	CARRY4	DSP	secs	rc
tnf_cost_e2m1_add_top	add	2	4	1	6	448	21	0	0	3.1	0
tnf_cost_e2m1_mul_top	mul	2	4	1	6	232	21	0	0	3.5	0
tnf_cost_e2m4_add_top	add	2	4	4	9	832	30	0	0	3.3	0
tnf_cost_e2m4_mul_top	mul	2	4	4	9	704	30	0	4	4.2	0
tnf_cost_e2m8_add_top	add	2	4	8	13	1576	42	0	0	4.1	0
tnf_cost_e2m8_mul_top	mul	2	4	8	13	1176	42	0	4	5.2	0
tnf_cost_e2m9_add_top	add	2	4	9	14	1484	45	0	0	4.0	0
tnf_cost_e2m9_mul_top	mul	2	4	9	14	1308	45	0	4	5.7	0
tnf_cost_e2m11_add_top	add	2	4	11	16	1868	51	0	0	4.5	0
tnf_cost_e2m11_mul_top	mul	2	4	11	16	1552	51	0	4	6.2	0
tnf_cost_e2m13_add_top	add	2	4	13	18	2136	57	0	0	4.6	0
tnf_cost_e2m13_mul_top	mul	2	4	13	18	1696	57	0	4	6.4	0
tnf_cost_e2m17_add_top	add	2	4	17	22	2544	69	0	0	5.2	0
tnf_cost_e2m17_mul_top	mul	2	4	17	22	2240	69	0	8	7.7	0
tnf_cost_e2m21_add_top	add	2	4	21	26	3172	81	0	0	5.7	0
tnf_cost_e2m21_mul_top	mul	2	4	21	26	2616	81	0	8	9.1	0
tnf_cost_e2m25_add_top	add	2	4	25	30	3796	504	0	0	5.1	0
tnf_cost_e2m25_mul_top	mul	2	4	25	30	3452	93	0	16	11.1	0
tnf_cost_e2m29_add_top	add	2	4	29	34	4596	564	0	0	5.7	0
tnf_cost_e2m29_mul_top	mul	2	4	29	34	3944	105	0	16	13.4	0
tnf_cost_e2m33_add_top	add	2	4	33	38	4840	624	0	0	6.1	0
tnf_cost_e2m33_mul_top	mul	2	4	33	38	4804	117	0	16	16.5	0
tnf_cost_e3m1_add_top	add	3	5	1	7	476	24	0	0	3.1	0
tnf_cost_e3m1_mul_top	mul	3	5	1	7	296	24	0	0	3.6	0
tnf_cost_e3m4_add_top	add	3	5	4	10	940	33	0	0	3.4	0
tnf_cost_e3m4_mul_top	mul	3	5	4	10	720	33	0	4	4.2	0
tnf_cost_e3m8_add_top	add	3	5	8	14	1564	45	0	0	4.0	0
tnf_cost_e3m8_mul_top	mul	3	5	8	14	1356	45	0	4	5.4	0
tnf_cost_e3m9_add_top	add	3	5	9	15	1812	48	0	0	4.3	0
tnf_cost_e3m9_mul_top	mul	3	5	9	15	1332	48	0	4	5.5	0
tnf_cost_e3m11_add_top	add	3	5	11	17	2132	54	0	0	4.8	0
tnf_cost_e3m11_mul_top	mul	3	5	11	17	1808	54	0	4	6.3	0
tnf_cost_e3m13_add_top	add	3	5	13	19	2480	60	0	0	5.3	0
tnf_cost_e3m13_mul_top	mul	3	5	13	19	1936	60	0	4	6.5	0
tnf_cost_e3m17_add_top	add	3	5	17	23	3272	72	0	0	6.3	0
tnf_cost_e3m17_mul_top	mul	3	5	17	23	2524	72	0	8	8.0	0
tnf_cost_e3m21_add_top	add	3	5	21	27	3944	84	0	0	7.6	0
tnf_cost_e3m21_mul_top	mul	3	5	21	27	3132	84	0	8	9.4	0
tnf_cost_e3m25_add_top	add	3	5	25	31	4576	519	0	0	6.5	0
tnf_cost_e3m25_mul_top	mul	3	5	25	31	4212	96	0	16	11.9	0
tnf_cost_e3m29_add_top	add	3	5	29	35	5704	579	0	0	7.5	0
tnf_cost_e3m29_mul_top	mul	3	5	29	35	5044	108	0	16	14.3	0
tnf_cost_e3m33_add_top	add	3	5	33	39	6244	639	0	0	7.9	0
tnf_cost_e3m33_mul_top	mul	3	5	33	39	5632	120	0	16	17.1	0
tnf_cost_e4m1_add_top	add	4	7	1	9	636	30	0	0	3.2	0
tnf_cost_e4m1_mul_top	mul	4	7	1	9	384	30	0	0	3.6	0
tnf_cost_e4m4_add_top	add	4	7	4	12	1176	39	0	0	3.7	0
tnf_cost_e4m4_mul_top	mul	4	7	4	12	844	39	0	4	4.2	0
tnf_cost_e4m8_add_top	add	4	7	8	16	1832	51	0	0	4.2	0
tnf_cost_e4m8_mul_top	mul	4	7	8	16	1488	51	0	4	5.4	0
tnf_cost_e4m9_add_top	add	4	7	9	17	2024	54	0	0	4.7	0
tnf_cost_e4m9_mul_top	mul	4	7	9	17	1604	54	0	4	5.6	0
tnf_cost_e4m11_add_top	add	4	7	11	19	2396	60	0	0	5.3	0
tnf_cost_e4m11_mul_top	mul	4	7	11	19	1860	60	0	4	6.2	0
tnf_cost_e4m13_add_top	add	4	7	13	21	2828	66	0	0	5.9	0
tnf_cost_e4m13_mul_top	mul	4	7	13	21	2204	66	0	4	7.4	0
tnf_cost_e4m17_add_top	add	4	7	17	25	3904	78	0	0	8.2	0
tnf_cost_e4m17_mul_top	mul	4	7	17	25	2680	78	0	8	10.2	0
tnf_cost_e4m21_add_top	add	4	7	21	29	4700	90	0	0	11.0	0
tnf_cost_e4m21_mul_top	mul	4	7	21	29	3260	90	0	8	12.4	0
tnf_cost_e4m25_add_top	add	4	7	25	33	5580	549	0	0	10.2	0
tnf_cost_e4m25_mul_top	mul	4	7	25	33	4464	102	0	16	15.8	0
tnf_cost_e4m29_add_top	add	4	7	29	37	6368	609	0	0	12.9	0
tnf_cost_e4m29_mul_top	mul	4	7	29	37	5168	114	0	16	21.1	0
tnf_cost_e5m1_add_top	add	5	8	1	10	628	33	0	0	4.6	0
tnf_cost_e5m1_mul_top	mul	5	8	1	10	464	33	0	0	4.9	0
tnf_cost_e5m4_add_top	add	5	8	4	13	1324	42	0	0	5.5	0
tnf_cost_e5m4_mul_top	mul	5	8	4	13	932	42	0	4	5.9	0
tnf_cost_e5m8_add_top	add	5	8	8	17	2016	54	0	0	6.3	0
tnf_cost_e5m8_mul_top	mul	5	8	8	17	1472	54	0	4	8.0	0
tnf_cost_e5m9_add_top	add	5	8	9	18	2128	57	0	0	5.3	0
tnf_cost_e5m9_mul_top	mul	5	8	9	18	1624	57	0	4	7.2	0
tnf_cost_e5m11_add_top	add	5	8	11	20	2556	63	0	0	8.4	0
tnf_cost_e5m11_mul_top	mul	5	8	11	20	1816	63	0	4	8.8	0
tnf_cost_e5m13_add_top	add	5	8	13	22	3108	69	0	0	8.7	0
tnf_cost_e5m13_mul_top	mul	5	8	13	22	2112	69	0	4	10.6	0
tnf_cost_e5m17_add_top	add	5	8	17	26	4076	81	0	0	12.4	0
tnf_cost_e5m17_mul_top	mul	5	8	17	26	2808	81	0	8	9.4	0
tnf_cost_e5m21_add_top	add	5	8	21	30	5036	93	0	0	12.3	0
tnf_cost_e5m21_mul_top	mul	5	8	21	30	3452	93	0	8	10.3	0
tnf_cost_e5m25_add_top	add	5	8	25	34	5716	564	0	0	8.7	0
tnf_cost_e5m25_mul_top	mul	5	8	25	34	4576	105	0	16	14.9	0
tnf_cost_e5m29_add_top	add	5	8	29	38	6884	624	0	0	11.9	0
tnf_cost_e5m29_mul_top	mul	5	8	29	38	5264	117	0	16	19.8	0
tnf_cost_e6m1_add_top	add	6	10	1	12	860	39	0	0	3.8	0
tnf_cost_e6m1_mul_top	mul	6	10	1	12	604	39	0	0	4.1	0
tnf_cost_e6m4_add_top	add	6	10	4	15	1520	48	0	0	4.3	0
tnf_cost_e6m4_mul_top	mul	6	10	4	15	1048	48	0	4	5.1	0
tnf_cost_e6m8_add_top	add	6	10	8	19	2368	60	0	0	6.3	0
tnf_cost_e6m8_mul_top	mul	6	10	8	19	1576	60	0	4	6.9	0
tnf_cost_e6m9_add_top	add	6	10	9	20	2424	63	0	0	7.7	0
tnf_cost_e6m9_mul_top	mul	6	10	9	20	1828	63	0	4	13.3	0
tnf_cost_e6m11_add_top	add	6	10	11	22	3068	69	0	0	10.2	0
tnf_cost_e6m11_mul_top	mul	6	10	11	22	2056	69	0	4	7.5	0
tnf_cost_e6m13_add_top	add	6	10	13	24	3392	75	0	0	8.2	0
tnf_cost_e6m13_mul_top	mul	6	10	13	24	2360	75	0	4	8.2	0
tnf_cost_e6m17_add_top	add	6	10	17	28	4444	87	0	0	9.6	0
tnf_cost_e6m17_mul_top	mul	6	10	17	28	2984	87	0	8	11.1	0
tnf_cost_e6m21_add_top	add	6	10	21	32	5560	99	0	0	13.9	0
tnf_cost_e6m21_mul_top	mul	6	10	21	32	3576	99	0	8	12.0	0
tnf_cost_e6m25_add_top	add	6	10	25	36	6372	594	0	0	10.6	0
tnf_cost_e6m25_mul_top	mul	6	10	25	36	4560	111	0	16	14.6	0
tnf_cost_e6m29_add_top	add	6	10	29	40	7676	654	0	0	16.2	0
tnf_cost_e6m29_mul_top	mul	6	10	29	40	5292	123	0	16	17.7	0
