specs/depin/prove.t27	0	0
specs/github/issues.t27	1	1
specs/github/comments.t27	1	1
specs/github/prs.t27	1	1
specs/github/auth.t27	1	1
specs/sandbox/https_enforce.t27	1	1
specs/sandbox/health.t27	1	1
specs/sandbox/session_timeout.t27	1	1
specs/sandbox/orphan_detection.t27	1	1
specs/sandbox/modules.t27	1	1
specs/ml/igla_champion_capsule.t27	0	0
specs/jit/jit.t27	0	0
specs/fpga/spi.t27	1	1
specs/fpga/bridge.t27	0	0
specs/fpga/power.t27	1	1
specs/fpga/partition.t27	1	1
specs/fpga/mac.t27	1	1
specs/fpga/uart.t27	0	0
specs/fpga/formal.t27	1	1
specs/fpga/power_analysis.t27	1	1
specs/fpga/gf16_accel.t27	0	0
specs/fpga/bootrom.t27	1	1
specs/fpga/timing.t27	1	1
specs/fpga/memory.t27	0	0
specs/fpga/axi4.t27	1	1
specs/fpga/testbench.t27	1	1
specs/fpga/fifo.t27	1	1
specs/fpga/ternary_isa.t27	0	0
specs/fpga/e2e_demo.t27	1	1
specs/fpga/simulator.t27	0	0
specs/fpga/clock_domain.t27	0	0
specs/fpga/hw_types.t27	0	0
specs/fpga/bpsk.t27	0	0
specs/fpga/apb_bridge.t27	0	0
specs/fpga/top_level.t27	0	0
specs/fpga/dft.t27	1	1
specs/fpga/hir.t27	0	0
specs/fpga/cts.t27	1	1
specs/fpga/vcd_conformance_compare.t27	1	1
specs/fpga/linker.t27	1	1
specs/fpga/router.t27	1	1
specs/fpga/stdlib.t27	0	0
specs/fpga/assembler.t27	0	0
specs/fpga/vcd_trace.t27	1	1
specs/fpga/placement.t27	1	1
specs/fpga/crossopt.t27	1	1
specs/benchmarks/gf16_bfloat16_nmse.t27	1	1
specs/benchmarks/bench_main.t27	1	1
specs/benchmarks/bench_nn.t27	1	1
specs/benchmarks/ternary_vs_binary.t27	1	1
specs/cloud/railway_deploy.t27	1	1
specs/ar/coa_planning.t27	1	1
specs/ar/proof_trace.t27	1	1
specs/ar/ternary_logic.t27	1	1
specs/ar/asp_solver.t27	1	1
specs/ar/explainability.t27	1	1
specs/ar/datalog_engine.t27	1	1
specs/ar/restraint.t27	1	1
specs/ar/composition.t27	1	1
specs/boards/xc7a100t_full.t27	0	0
specs/boards/xc7a100t_minimal.t27	0	0
specs/boards/arty_a7.t27	0	0
specs/api/sdk_contract.t27	1	1
specs/api/c_api_contract.t27	1	1
specs/api/tri_net_api.t27	1	1
specs/test_framework/verilog_bench_harness.t27	1	1
specs/test_framework/runner.t27	1	1
specs/test_framework/core.t27	1	1
specs/test_framework/property_test_template.t27	1	1
specs/test_framework/graph_drift_detection.t27	1	1
specs/brain/unified_state.t27	0	0
specs/brain/neural_gamma.t27	1	1
specs/brain/brain.t27	1	1
specs/brain/phi_timing.t27	0	0
specs/brain/cognitive_loop.t27	0	0
specs/brain/bus.t27	0	0
specs/enrichment/audio_overview.t27	1	1
specs/enrichment/youtube_transcript.t27	1	1
specs/automation/wrapup-auto.t27	1	1
specs/physics/gamma-conflict.t27	1	1
specs/physics/chimera_best_gamma.t27	1	1
specs/physics/su2_chern_simons.t27	1	1
specs/physics/formula_discovery.t27	1	1
specs/physics/e8_lqg_bridge.t27	1	1
specs/physics/hslm_benchmark.t27	1	1
specs/physics/p2_brain_physics.t27	1	1
specs/physics/formula_registry.t27	0	0
specs/physics/pellis-formulas.t27	0	0
specs/physics/lqg_cs_bridge.t27	1	1
specs/physics/gamma_conjecture.t27	0	0
specs/physics/lqg_entropy.t27	0	0
specs/physics/gi1_analysis.t27	0	0
specs/physics/quantum.t27	1	1
specs/physics/sacred_verification.t27	1	1
specs/physics/zamolodchikov_4d_conjecture.t27	0	0
specs/igla/w535_bounded_while_module.t27	0	0
specs/sync/index.t27	1	1
specs/sync/schema.t27	0	0
specs/account/auth.t27	0	0
specs/account/repo.t27	1	1
specs/account/schema.t27	1	1
specs/hslm/forward_pass.t27	1	1
specs/neural/forward_pass.t27	1	1
specs/compiler/parser.t27	1	1
specs/compiler/optimizer.t27	1	1
specs/compiler/meta_compile.t27	0	0
specs/compiler/mod_structure.t27	1	1
specs/compiler/lexer.t27	0	0
specs/compiler/pipeline.t27	0	0
specs/compiler/linker.t27	1	1
specs/compiler/diagnostics.t27	0	0
specs/compiler/stdlib.t27	0	0
specs/compiler/typechecker.t27	1	1
specs/demos/jones_topology_filter.t27	1	1
specs/demos/simple_test.t27	0	0
specs/demos/jones_topology_decision_gate.t27	1	1
specs/base/ring_32.t27	1	1
specs/base/debounce.t27	1	1
specs/base/ternary_encoding.t27	1	1
specs/base/ops.t27	0	0
specs/base/types.t27	1	1
specs/base/ternary_add.t27	1	1
specs/base/ternary_memory.t27	1	1
specs/base/seed.t27	0	0
specs/git/diff.t27	0	0
specs/git/schema.t27	0	0
specs/git/status.t27	0	0
specs/git/operations.t27	0	0
specs/queen/task_analysis.t27	1	1
specs/queen/lotus.t27	0	0
specs/queen/brain_summaries.t27	0	0
specs/conformance/e2e_scenarios.t27	1	1
specs/github/tests/e2e_full_flow.t27	1	1
specs/fpga/verification/build_verify.t27	1	1
specs/fpga/testbench/placement_tb.t27	1	1
specs/fpga/testbench/ternary_isa_tb.t27	1	1
specs/fpga/testbench/power_analysis_tb.t27	1	1
specs/fpga/testbench/integration_tb.t27	1	1
specs/fpga/testbench/formal_tb.t27	1	1
specs/fpga/testbench/vcd_conformance_compare_tb.t27	1	1
specs/fpga/testbench/bootrom_tb.t27	1	1
specs/fpga/testbench/partition_tb.t27	1	1
specs/fpga/testbench/hir_tb.t27	1	1
specs/fpga/testbench/mac_tb.t27	1	1
specs/fpga/testbench/top_tb.t27	0	0
specs/fpga/testbench/axi4_tb.t27	1	1
specs/fpga/testbench/vcd_trace_tb.t27	1	1
specs/fpga/testbench/memory_tb.t27	1	1
specs/fpga/testbench/bridge_tb.t27	1	1
specs/fpga/testbench/clock_domain_tb.t27	1	1
specs/fpga/testbench/router_tb.t27	1	1
specs/fpga/testbench/uart_tb.t27	1	1
specs/fpga/testbench/timing_tb.t27	1	1
specs/fpga/testbench/power_tb.t27	1	1
specs/fpga/testbench/stdlib_tb.t27	1	1
specs/fpga/testbench/fifo_tb.t27	1	1
specs/fpga/testbench/apb_bridge_tb.t27	1	1
specs/fpga/testbench/simulator_tb.t27	1	1
specs/fpga/testbench/dft_tb.t27	1	1
specs/fpga/testbench/gf16_accel_tb.t27	1	1
specs/fpga/testbench/spi_tb.t27	1	1
specs/fpga/testbench/linker_tb.t27	1	1
specs/fpga/testbench/cts_tb.t27	1	1
specs/fpga/testbench/assembler_tb.t27	1	1
specs/fpga/boards/arty_a7_integration.t27	1	1
specs/fpga/boards/qmtech_a100t_integration.t27	1	1
specs/igla/integration/publication.t27	0	0
specs/igla/training/pilot_pretraining.t27	0	0
specs/igla/training/scale_up.t27	0	0
specs/igla/training/low_bit_ternary.t27	0	0
specs/igla/training/roadmap.t27	0	0
specs/igla/race/ternary_inference.t27	1	0
specs/igla/race/opcodes.t27	1	0
specs/igla/race/cordic_top.t27	1	0
specs/igla/race/formal.t27	1	1
specs/igla/race/systolic_array.t27	1	1
specs/igla/race/eda.t27	1	1
specs/igla/race/cordic.t27	1	0
specs/igla/race/bram_weights.t27	1	1
specs/igla/race/backend.t27	1	1
specs/igla/race/yosys.t27	1	1
specs/igla/race/gemm.t27	1	1
specs/igla/race/cordic_fixed.t27	1	0
specs/igla/race/ternary_mac.t27	1	0
specs/igla/race/adder_tree.t27	1	0
specs/igla/race/ternary_gemm.t27	1	0
specs/igla/race/rtl.t27	1	1
specs/igla/race/systolic_ternary.t27	1	0
specs/igla/evaluation/multi_lang_harness.t27	0	0
specs/igla/coder/bench_proxy.t27	1	1
specs/igla/coder/weights.t27	1	1
specs/igla/coder/eval.t27	1	1
specs/igla/coder/dataset.t27	1	1
specs/igla/coder/training.t27	1	1
specs/igla/coder/prm.t27	1	1
specs/igla/coder/arch.t27	1	1
specs/igla/coder/pipeline.t27	1	1
specs/igla/coder/benchmark.t27	1	1
specs/igla/coder/tokenizer.t27	1	1
specs/ternary/comb_bitnet_neuron.t27	0	0
specs/ternary/bitnet_majority.t27	0	0
specs/ternary/gft_signed_dot4.t27	0	0
specs/ternary/gft_dot8.t27	0	0
specs/ternary/gft_classifier4.t27	0	0
specs/ternary/gft_argmax4.t27	0	0
specs/ternary/gft_dot4_rne.t27	0	0
specs/ternary/gft_sadd.t27	0	0
specs/ternary/gft_relu.t27	0	0
specs/ternary/gft_softmax4.t27	0	0
specs/ternary/comb_ternary_dot.t27	0	0
specs/ternary/gft_train2.t27	0	0
specs/ternary/gft_train2relu.t27	0	0
specs/ternary/gft_xorbp.t27	0	0
specs/ternary/bitnet_neuron.t27	0	0
specs/ternary/gft_exp2.t27	0	0
specs/ternary/gft_hidden2.t27	0	0
specs/ternary/gft_train1.t27	0	0
specs/ternary/gft_xorpercep.t27	0	0
specs/ternary/comb_bitnet_layer.t27	0	0
specs/ternary/bitnet_layer.t27	0	0
specs/ternary/gft_xorbp2.t27	0	0
specs/ternary/bitnet_neuron_nchunk.t27	0	0
specs/ternary/gft_xorpercep4.t27	0	0
specs/ternary/stream_ternary_mac.t27	0	0
specs/ternary/gft_mul_rne.t27	0	0
specs/ternary/hybrid_bigint.t27	1	1
specs/ternary/gft_xortrain.t27	0	0
specs/ternary/gft_bitnet_neuron.t27	0	0
specs/ternary/gft_madd.t27	0	0
specs/ternary/gft_xorpercep3.t27	0	0
specs/ternary/bitnet_mlp.t27	0	0
specs/ternary/gft_classify3.t27	0	0
specs/ternary/gft_smul.t27	0	0
specs/ternary/gft_dot2_rne.t27	0	0
specs/ternary/gft_recip.t27	0	0
specs/ternary/gft_softmax_grad4.t27	0	0
specs/ternary/gft_logistic.t27	0	0
specs/ternary/gft_axpy.t27	0	0
specs/ternary/gft_xornet.t27	0	0
specs/ternary/gft_layer2.t27	0	0
specs/ternary/bigint.t27	0	0
specs/ternary/gft_nll.t27	0	0
specs/ternary/gft_layer3.t27	0	0
specs/ternary/packed_trit.t27	1	1
specs/ternary/gft_signed_mac.t27	0	0
specs/ternary/gft_layer4.t27	0	0
specs/ternary/clocked_counter.t27	0	0
specs/ternary/bitnet_mlp3.t27	0	0
specs/ternary/ternary_full_adder.t27	0	0
specs/ternary/ternary_xor.t27	0	0
specs/ternary/gft_dot2.t27	0	0
specs/ternary/ternary_mac.t27	0	0
specs/ternary/gft_add_rne.t27	0	0
specs/ternary/gft_sgd_step.t27	0	0
specs/ternary/gft_neuron_full.t27	0	0
specs/ternary/gft_mlp3.t27	0	0
specs/ternary/gft_mlp2.t27	0	0
specs/ternary/gft_dot4.t27	0	0
specs/ternary/ternary_ripple_adder.t27	0	0
specs/ternary/hybrid_arithmetic.t27	1	1
specs/ternary/gft_log2.t27	0	0
specs/ternary/activation_quantizer.t27	0	0
specs/ternary/gft_classify.t27	0	0
specs/pins/parser.t27	1	1
specs/pins/ir.t27	1	1
specs/pins/emitter_xdc.t27	0	0
specs/pipeline/benchmarks.t27	1	1
specs/pipeline/e2e_test.t27	1	1
specs/pipeline/experience_save.t27	0	0
specs/tools/registry.t27	1	1
specs/tools/tri_to_t27_converter.t27	0	0
specs/tools/schema.t27	1	1
specs/memory/memory_primitives.t27	0	0
specs/memory/notebooklm.t27	0	0
specs/memory/formula_embed.t27	1	1
specs/memory/semantic_search.t27	1	1
specs/nn/sacred_attention.t27	1	1
specs/nn/attention.t27	0	0
specs/nn/hslm.t27	0	0
specs/nn/phi_rope.t27	1	1
specs/nn/gla.t27	0	0
specs/isa/ternary_pattern_matching.t27	1	1
specs/isa/ternary_arithmetic.t27	1	1
specs/isa/ternary_graph.t27	0	0
specs/isa/ternary_search.t27	1	1
specs/isa/ternary_set.t27	1	1
specs/isa/ternary_deque.t27	1	1
specs/isa/ternary_hash.t27	1	1
specs/isa/ternary_encoding.t27	1	1
specs/isa/ternary_control_flow.t27	0	0
specs/isa/ternary_tree.t27	0	0
specs/isa/ternary_sorting.t27	1	1
specs/isa/ternary_memory.t27	1	1
specs/isa/ternary_gates.t27	1	1
specs/isa/registers.t27	0	0
specs/isa/ternary_shift.t27	1	1
specs/isa/ternary_bitwise.t27	1	1
specs/file/watcher.t27	1	1
specs/file/schema.t27	1	1
specs/file/operations.t27	0	0
specs/config/migrate.t27	1	1
specs/config/paths.t27	1	1
specs/config/load.t27	1	1
specs/config/schema.t27	0	0
specs/auth/config.t27	1	1
specs/shell/schema.t27	1	1
specs/shell/environment.t27	0	0
specs/shell/process.t27	1	1
specs/vsa/vsa_core.t27	1	1
specs/vsa/sdk.t27	0	0
specs/vsa/packed_vsa.t27	1	1
specs/vsa/similarity_search.t27	0	0
specs/vsa/ops.t27	1	1
specs/vsa/jones_polynomial.t27	1	1
specs/vsa/sequence_hdc.t27	1	1
specs/portable/relay_observer.t27	1	1
specs/interop/gf_cross_language.t27	1	1
specs/graph/knowledge_graph.t27	1	1
specs/runtime/execute.t27	1	1
specs/runtime/instance.t27	1	1
specs/runtime/process.t27	1	1
specs/sacred/sacred_identity.t27	0	0
specs/sacred/quantum_gravity.t27	0	0
specs/sacred/gravity.t27	0	0
specs/sacred/superconductivity.t27	0	0
specs/sacred/sacred_constants.t27	0	0
specs/sacred/dark_matter.t27	0	0
specs/sacred/monopoles.t27	0	0
specs/sacred/quantum.t27	0	0
specs/sacred/cosmology.t27	0	0
specs/sacred/sacred_governance.t27	0	0
specs/provider/adapters.t27	1	1
specs/provider/transform.t27	1	1
specs/provider/stream.t27	1	1
specs/provider/schema.t27	1	1
specs/bus/schema.t27	0	0
specs/bus/pubsub.t27	1	1
specs/server/sse.t27	1	1
specs/server/session.t27	1	1
specs/server/http.t27	0	0
specs/server/vm.t27	1	1
specs/server/provider.t27	1	1
specs/server/api.t27	1	1
specs/server/mdns.t27	0	0
specs/server/project.t27	1	1
specs/server/routes.t27	1	1
specs/server/router.t27	1	1
specs/server/agent-runner.t27	1	1
specs/lsp/protocol.t27	1	1
specs/lsp/server.t27	0	0
specs/lsp/schema.t27	0	0
specs/lsp/client.t27	0	0
specs/lsp/language.t27	1	1
specs/math/e8_lie_algebra.t27	1	1
specs/math/radix_economy.t27	1	1
specs/math/zamolodchikov_e8.t27	1	1
specs/math/pellis_precision_verify.t27	1	1
specs/math/gf_competitive.t27	1	1
specs/math/phi_universal_attractor.t27	1	1
specs/math/phi_split_optimality.t27	1	1
specs/math/property_test_template.t27	1	0
specs/math/constants.t27	1	1
specs/math/sacred_physics.t27	1	1
specs/storage/kv.t27	1	1
specs/storage/migrate.t27	0	0
specs/storage/lock.t27	0	0
specs/storage/schema.t27	0	0
specs/vm/jit_semantics.t27	1	1
specs/numeric/gf48.t27	0	0
specs/numeric/gf64.t27	1	1
specs/numeric/formats_catalog.t27	0	0
specs/numeric/gf512.t27	0	0
specs/numeric/gf14.t27	0	0
specs/numeric/gf16.t27	1	1
specs/numeric/gf128.t27	0	0
specs/numeric/trinity_numeric_surface.t27	0	0
specs/numeric/gf8.t27	1	1
specs/numeric/gf12.t27	1	1
specs/numeric/gf10.t27	0	0
specs/numeric/phi_ratio.t27	1	1
specs/numeric/tf3.t27	1	1
specs/numeric/gf20.t27	1	1
specs/numeric/gf6.t27	0	0
specs/numeric/bigint.t27	1	1
specs/numeric/gf256.t27	0	0
specs/numeric/pellis_verify.t27	0	0
specs/numeric/gf4.t27	1	1
specs/numeric/lucas_accumulator.t27	0	0
specs/numeric/gf32.t27	1	1
specs/numeric/formats.t27	1	1
specs/numeric/goldenfloat_family.t27	1	1
specs/numeric/posit_ladder_control.t27	0	0
specs/numeric/gf_competitive.t27	0	0
specs/numeric/gf24.t27	1	1
specs/numeric/gf1024.t27	0	0
specs/numeric/gf96.t27	0	0
specs/numeric/gfternary.t27	0	0
specs/ml/layers/dense_layer.t27	0	0
specs/ml/layers/batchnorm_layer.t27	0	0
specs/ml/layers/maxpool2d_layer.t27	0	0
specs/ml/layers/dropout_layer.t27	0	0
specs/ml/layers/residual_connection.t27	0	0
specs/ml/layers/flatten_layer.t27	0	0
specs/ml/layers/embedding_layer.t27	0	0
specs/ml/layers/conv2d_layer.t27	0	0
specs/ml/layers/avgpool2d_layer.t27	0	0
specs/ml/layers/layernorm_layer.t27	0	0
specs/ml/optimizer/adamw.t27	1	1
specs/ml/optimizer/race_config.t27	0	0
specs/ml/optimizer/sgd.t27	0	0
specs/ml/optimizer/lr_scheduler.t27	1	1
specs/ml/optimizer/rmsprop.t27	0	0
specs/ml/optimizer/lamb.t27	0	0
specs/ml/optimizer/adam.t27	0	0
specs/ml/optimizer/adagrad.t27	0	0
specs/ml/optimizer/sgd_momentum.t27	1	1
specs/ml/loss/contrastive_loss.t27	0	0
specs/ml/loss/kl_divergence.t27	0	0
specs/ml/loss/mse_loss.t27	0	0
specs/ml/loss/binary_crossentropy_loss.t27	0	0
specs/ml/loss/huber_loss.t27	0	0
specs/ml/loss/cross_entropy_loss.t27	0	0
specs/ml/transformer/positional_enc.t27	1	1
specs/ml/transformer/multi_head_attn.t27	1	1
specs/ml/transformer/feed_forward_network.t27	0	0
specs/ml/transformer/mha_block.t27	1	1
specs/ml/transformer/encoder_block.t27	0	0
specs/ml/transformer/feed_forward.t27	1	1
specs/ml/transformer/multi_head_attention.t27	0	0
specs/ml/transformer/positional_encoding.t27	0	0
specs/ml/transformer/norm.t27	1	1
specs/ml/activation/silu_swish_vbt_activation.t27	0	0
specs/ml/activation/gelu_approx_activation.t27	0	0
specs/ml/activation/gelu_activation.t27	0	0
specs/ml/activation/softmax.t27	0	0
specs/ml/activation/elu_activation.t27	0	0
specs/ml/activation/relu_activation.t27	0	0
specs/ml/activation/silu_swish_activation.t27	0	0
specs/ml/activation/leaky_relu_activation.t27	0	0
specs/ml/activation/tanh_activation.t27	0	0
specs/ml/activation/sigmoid_activation.t27	0	0
specs/ml/recurrent/bilstm.t27	0	0
specs/ml/recurrent/attention_mechanism.t27	0	0
specs/ml/recurrent/gru_cell.t27	0	0
specs/ml/recurrent/seq2seq.t27	0	0
specs/ml/recurrent/lstm_cell.t27	0	0
specs/ml/recurrent/lstm_single.t27	0	0
specs/ml/recurrent/self_attention.t27	0	0
specs/ml/recurrent/rnn_cell.t27	0	0
specs/ml/pathway/mlp.t27	0	0
specs/ml/rl/dqn_target_network.t27	0	0
specs/ml/rl/ppo_critic.t27	0	0
specs/ml/rl/advantage_estimator.t27	0	0
specs/ml/rl/sac_critic.t27	0	0
specs/ml/rl/ppo_actor.t27	0	0
specs/ml/rl/ppo_clip_loss.t27	0	0
specs/ml/rl/dqn.t27	0	0
specs/ml/rl/sac_actor.t27	0	0
specs/tri/pipeline/cloud_orchestrator.t27	0	0
specs/tri/pipeline/batch_runner.t27	0	0
specs/tri/pipeline/builder.t27	1	1
specs/tri/pipeline/codegen.t27	0	0
specs/tri/pipeline/spec_parser.t27	0	0
specs/tri/pipeline/spec_writer.t27	0	0
specs/tri/pipeline/workflow.t27	0	0
specs/tri/pipeline/pipeline_parallel.t27	0	0
specs/tri/pipeline/pipeline.t27	0	0
specs/tri/pipeline/workflow_executor.t27	0	0
specs/tri/pipeline/workflow_parser.t27	0	0
specs/tri/crypto/hmac.t27	0	0
specs/tri/crypto/hex.t27	0	0
specs/tri/crypto/sha256.t27	0	0
specs/tri/crypto/ecc.t27	0	0
specs/tri/crypto/base32.t27	0	0
specs/tri/crypto/crypto.t27	0	0
specs/tri/crypto/rsa.t27	0	0
specs/tri/crypto/reed_solomon.t27	0	0
specs/tri/crypto/base64.t27	0	0
specs/tri/net/async.t27	1	1
specs/tri/net/http.t27	0	0
specs/tri/net/channel.t27	1	1
specs/tri/net/async_stream.t27	1	1
specs/tri/net/url.t27	0	0
specs/tri/net/net.t27	0	0
specs/tri/net/cloud.t27	0	0
specs/tri/trees/fenwick_tree.t27	0	0
specs/tri/trees/octree.t27	0	0
specs/tri/trees/red_black_tree.t27	0	0
specs/tri/trees/quadtree.t27	0	0
specs/tri/trees/kd_tree.t27	0	0
specs/tri/trees/suffix_array.t27	0	0
specs/tri/trees/avl_tree.t27	0	0
specs/tri/trees/b_tree.t27	0	0
specs/tri/trees/rtree.t27	0	0
specs/tri/trees/segment_tree.t27	0	0
specs/tri/trees/trie.t27	1	1
specs/tri/trees/tree.t27	1	1
specs/tri/trees/splay_tree.t27	0	0
specs/tri/sort/counting_sort.t27	0	0
specs/tri/sort/merge_sort.t27	0	0
specs/tri/sort/selection_sort.t27	0	0
specs/tri/sort/insertion_sort.t27	0	0
specs/tri/sort/heap_sort.t27	0	0
specs/tri/sort/shell_sort.t27	0	0
specs/tri/sort/tim_sort.t27	0	0
specs/tri/sort/quick_sort.t27	0	0
specs/tri/sort/radix_sort.t27	0	0
specs/tri/sort/sort.t27	0	0
specs/tri/io/io.t27	1	1
specs/tri/io/filesystem.t27	0	0
specs/tri/io/fs.t27	0	0
specs/tri/io/reader.t27	1	1
specs/tri/io/zip.t27	1	1
specs/tri/io/writer.t27	1	1
specs/tri/io/compress.t27	0	0
specs/tri/graph/graph_dfs.t27	0	0
specs/tri/graph/graph_bfs.t27	0	0
specs/tri/graph/bellman_ford.t27	0	0
specs/tri/graph/dijkstra.t27	0	0
specs/tri/graph/disjoint_set.t27	0	0
specs/tri/graph/topological_sort.t27	0	0
specs/tri/graph/graph.t27	1	1
specs/tri/graph/prims_mst.t27	0	0
specs/tri/encoding/bson.t27	0	0
specs/tri/encoding/markup.t27	0	0
specs/tri/encoding/xml.t27	0	0
specs/tri/encoding/json.t27	0	0
specs/tri/encoding/csv.t27	0	0
specs/tri/encoding/msgpack.t27	0	0
specs/tri/encoding/mime.t27	0	0
specs/tri/encoding/html.t27	0	0
specs/tri/utils/exit_codes.t27	0	0
specs/tri/utils/terminal.t27	0	0
specs/tri/utils/config.t27	0	0
specs/tri/utils/logger.t27	0	0
specs/tri/utils/colors.t27	0	0
specs/tri/utils/utf8.t27	0	0
specs/tri/utils/time.t27	0	0
specs/tri/utils/template.t27	0	0
specs/tri/utils/text.t27	0	0
specs/tri/utils/args.t27	0	0
specs/tri/utils/logging.t27	0	0
specs/tri/utils/random.t27	0	0
specs/tri/utils/error.t27	0	0
specs/tri/utils/version.t27	0	0
specs/tri/utils/arrow_time.t27	0	0
specs/tri/utils/help.t27	0	0
specs/tri/utils/string.t27	0	0
specs/tri/utils/color.t27	0	0
specs/tri/utils/bytes.t27	0	0
specs/tri/agent/eternal_monitor.t27	0	0
specs/tri/agent/agents.t27	0	0
specs/tri/agent/agent_run.t27	0	0
specs/tri/agent/autonomous_universe.t27	0	0
specs/tri/agent/memory.t27	0	0
specs/tri/agent/swarm_agents.t27	0	0
specs/tri/agent/experience_hooks.t27	0	0
specs/tri/agent/autonomous_lifecycle.t27	0	0
specs/tri/agent/handoff.t27	0	0
specs/tri/agent/faculty_board.t27	0	0
specs/tri/agent/governance_agent.t27	0	0
specs/tri/math/matrix.t27	0	0
specs/tri/math/probability.t27	0	0
specs/tri/math/polynomial.t27	0	0
specs/tri/math/math.t27	0	0
specs/tri/math/constants.t27	0	0
specs/tri/math/bezier.t27	0	0
specs/tri/math/statistics.t27	0	0
specs/tri/math/measurement.t27	0	0
specs/tri/search/pattern.t27	0	0
specs/tri/search/search.t27	0	0
specs/tri/search/knuth_morris_pratt.t27	0	0
specs/tri/search/rabin_karp.t27	0	0
specs/tri/search/regex.t27	0	0
specs/tri/search/boyer_moore.t27	0	0
specs/tri/search/bloom_filter.t27	0	0
specs/tri/search/match.t27	0	0
specs/tri/search/aho_corasick.t27	0	0
specs/tri/search/regex_advanced.t27	0	0
specs/tri/collections/array.t27	1	1
specs/tri/collections/option.t27	1	1
specs/tri/collections/map.t27	1	1
specs/tri/collections/linked_list.t27	0	0
specs/tri/collections/lru.t27	1	1
specs/tri/collections/variant.t27	1	1
specs/tri/collections/tuple.t27	1	1
specs/tri/collections/list.t27	1	1
specs/tri/collections/queue.t27	1	1
specs/tri/collections/either.t27	1	1
specs/tri/collections/priority_queue.t27	0	0
specs/tri/collections/result.t27	1	1
specs/tri/collections/circular_buffer.t27	0	0
specs/tri/collections/btree.t27	1	1
specs/tri/collections/lockfree_stack.t27	0	0
specs/tri/collections/interval.t27	0	0
specs/tri/collections/bitset.t27	1	1
specs/tri/collections/ring_buffer.t27	1	1
specs/tri/collections/maybe.t27	1	1
specs/tri/collections/bitvector.t27	0	0
specs/tri/collections/bitmap.t27	0	0
specs/tri/collections/context.t27	0	0
specs/tri/collections/state.t27	1	1
specs/tri/collections/set.t27	1	1
specs/tri/collections/skip_list.t27	1	1
specs/tri/collections/namespace.t27	0	0
specs/tri/collections/deque.t27	0	0
specs/tri/collections/stack.t27	1	1
specs/tri/collections/lru_cache.t27	0	0
