specs/pins/emitter_xdc.t27	COMPILE_FAIL	0
specs/tools/tri_to_t27_converter.t27	COMPILE_FAIL	0
specs/nn/attention.t27	COMPILE_FAIL	0
specs/nn/hslm.t27	COMPILE_FAIL	0
specs/nn/gla.t27	COMPILE_FAIL	0
specs/isa/ternary_control_flow.t27	COMPILE_FAIL	0
specs/isa/ternary_memory.t27	COMPILE_FAIL	0
specs/isa/registers.t27	COMPILE_FAIL	0
specs/vsa/sdk.t27	COMPILE_FAIL	0
specs/vsa/similarity_search.t27	COMPILE_FAIL	0
specs/vsa/ops.t27	COMPILE_FAIL	0
specs/math/e8_lie_algebra.t27	COMPILE_FAIL	0
specs/math/zamolodchikov_e8.t27	COMPILE_FAIL	0
specs/math/phi_universal_attractor.t27	COMPILE_FAIL	0
specs/math/phi_split_optimality.t27	COMPILE_FAIL	0
specs/math/property_test_template.t27	COMPILE_FAIL	0
specs/math/sacred_physics.t27	COMPILE_FAIL	0
specs/numeric/gf64.t27	COMPILE_FAIL	0
specs/numeric/gf4.t27	COMPILE_FAIL	0
specs/numeric/lucas_accumulator.t27	COMPILE_FAIL	0
specs/numeric/posit_ladder_control.t27	COMPILE_FAIL	0
specs/ml/igla_champion_capsule.t27	ALL_PASS	7
specs/fpga/bridge.t27	COMPILE_FAIL	0
specs/fpga/power.t27	COMPILE_FAIL	0
specs/fpga/mac.t27	COMPILE_FAIL	0
specs/fpga/uart.t27	COMPILE_FAIL	0
specs/fpga/gf16_accel.t27	ALL_PASS	27
specs/fpga/bootrom.t27	COMPILE_FAIL	0
specs/fpga/timing.t27	COMPILE_FAIL	0
specs/fpga/memory.t27	COMPILE_FAIL	0
specs/fpga/axi4.t27	COMPILE_FAIL	0
specs/fpga/testbench.t27	COMPILE_FAIL	0
specs/fpga/ternary_isa.t27	ALL_PASS	29
specs/fpga/e2e_demo.t27	ALL_PASS	16
specs/fpga/simulator.t27	ALL_PASS	13
specs/fpga/clock_domain.t27	ALL_PASS	12
specs/fpga/hw_types.t27	ALL_PASS	22
specs/fpga/bpsk.t27	ALL_PASS	13
specs/fpga/apb_bridge.t27	COMPILE_FAIL	0
specs/fpga/top_level.t27	COMPILE_FAIL	0
specs/fpga/dft.t27	ALL_PASS	17
specs/fpga/hir.t27	ALL_PASS	26
specs/fpga/cts.t27	ALL_PASS	15
specs/fpga/router.t27	COMPILE_FAIL	0
specs/fpga/stdlib.t27	ALL_PASS	17
specs/fpga/assembler.t27	ALL_PASS	19
specs/fpga/placement.t27	ALL_PASS	14
specs/fpga/crossopt.t27	ALL_PASS	6
specs/ar/coa_planning.t27	COMPILE_FAIL	0
specs/ar/restraint.t27	COMPILE_FAIL	0
specs/boards/xc7a100t_full.t27	ALL_PASS	14
specs/boards/xc7a100t_minimal.t27	ALL_PASS	23
specs/boards/arty_a7.t27	ALL_PASS	17
specs/physics/su2_chern_simons.t27	COMPILE_FAIL	0
specs/physics/pellis-formulas.t27	COMPILE_FAIL	0
specs/physics/gamma_conjecture.t27	COMPILE_FAIL	0
specs/physics/lqg_entropy.t27	ALL_PASS	2
specs/physics/gi1_analysis.t27	COMPILE_FAIL	0
specs/physics/zamolodchikov_4d_conjecture.t27	COMPILE_FAIL	0
specs/compiler/meta_compile.t27	ALL_PASS	4
specs/compiler/lexer.t27	COMPILE_FAIL	0
specs/compiler/pipeline.t27	ALL_PASS	13
specs/compiler/diagnostics.t27	COMPILE_FAIL	0
specs/compiler/stdlib.t27	COMPILE_FAIL	0
specs/demos/jones_topology_filter.t27	COMPILE_FAIL	0
specs/demos/simple_test.t27	ALL_PASS	1
specs/demos/jones_topology_decision_gate.t27	COMPILE_FAIL	0
specs/queen/lotus.t27	COMPILE_FAIL	0
specs/queen/brain_summaries.t27	COMPILE_FAIL	0
specs/tri/pipeline/batch_runner.t27	COMPILE_FAIL	0
specs/tri/crypto/hmac.t27	COMPILE_FAIL	0
specs/tri/crypto/hex.t27	COMPILE_FAIL	0
specs/tri/crypto/sha256.t27	COMPILE_FAIL	0
specs/tri/crypto/ecc.t27	COMPILE_FAIL	0
specs/tri/crypto/base32.t27	COMPILE_FAIL	0
specs/tri/crypto/crypto.t27	COMPILE_FAIL	0
specs/tri/crypto/rsa.t27	COMPILE_FAIL	0
specs/tri/crypto/reed_solomon.t27	COMPILE_FAIL	0
specs/tri/crypto/base64.t27	COMPILE_FAIL	0
specs/tri/net/http.t27	COMPILE_FAIL	0
specs/tri/net/url.t27	COMPILE_FAIL	0
specs/tri/net/net.t27	COMPILE_FAIL	0
specs/tri/trees/fenwick_tree.t27	COMPILE_FAIL	0
specs/tri/trees/octree.t27	COMPILE_FAIL	0
specs/tri/trees/red_black_tree.t27	COMPILE_FAIL	0
specs/tri/trees/quadtree.t27	COMPILE_FAIL	0
specs/tri/trees/kd_tree.t27	COMPILE_FAIL	0
specs/tri/trees/suffix_array.t27	COMPILE_FAIL	0
specs/tri/trees/avl_tree.t27	COMPILE_FAIL	0
specs/tri/trees/b_tree.t27	COMPILE_FAIL	0
specs/tri/trees/rtree.t27	COMPILE_FAIL	0
specs/tri/trees/segment_tree.t27	COMPILE_FAIL	0
specs/tri/trees/splay_tree.t27	COMPILE_FAIL	0
specs/tri/sort/counting_sort.t27	COMPILE_FAIL	0
specs/tri/sort/merge_sort.t27	COMPILE_FAIL	0
specs/tri/sort/selection_sort.t27	COMPILE_FAIL	0
specs/tri/sort/insertion_sort.t27	COMPILE_FAIL	0
specs/tri/sort/heap_sort.t27	COMPILE_FAIL	0
specs/tri/sort/shell_sort.t27	COMPILE_FAIL	0
specs/tri/sort/tim_sort.t27	COMPILE_FAIL	0
specs/tri/sort/quick_sort.t27	COMPILE_FAIL	0
specs/tri/sort/radix_sort.t27	COMPILE_FAIL	0
specs/tri/sort/sort.t27	COMPILE_FAIL	0
specs/tri/io/filesystem.t27	COMPILE_FAIL	0
specs/tri/io/fs.t27	COMPILE_FAIL	0
specs/tri/io/compress.t27	COMPILE_FAIL	0
specs/tri/graph/graph_dfs.t27	COMPILE_FAIL	0
specs/tri/graph/graph_bfs.t27	COMPILE_FAIL	0
specs/tri/graph/bellman_ford.t27	COMPILE_FAIL	0
specs/tri/graph/dijkstra.t27	COMPILE_FAIL	0
specs/tri/graph/disjoint_set.t27	COMPILE_FAIL	0
specs/tri/graph/topological_sort.t27	COMPILE_FAIL	0
specs/tri/graph/prims_mst.t27	COMPILE_FAIL	0
specs/tri/encoding/bson.t27	COMPILE_FAIL	0
specs/tri/encoding/markup.t27	COMPILE_FAIL	0
specs/tri/encoding/xml.t27	COMPILE_FAIL	0
specs/tri/encoding/json.t27	COMPILE_FAIL	0
specs/tri/encoding/csv.t27	COMPILE_FAIL	0
specs/tri/encoding/msgpack.t27	COMPILE_FAIL	0
specs/tri/encoding/mime.t27	COMPILE_FAIL	0
specs/tri/encoding/html.t27	COMPILE_FAIL	0
specs/tri/utils/terminal.t27	COMPILE_FAIL	0
specs/tri/utils/config.t27	COMPILE_FAIL	0
specs/tri/utils/logger.t27	COMPILE_FAIL	0
specs/tri/utils/utf8.t27	COMPILE_FAIL	0
specs/tri/utils/time.t27	COMPILE_FAIL	0
specs/tri/utils/template.t27	COMPILE_FAIL	0
specs/tri/utils/text.t27	COMPILE_FAIL	0
specs/tri/utils/args.t27	COMPILE_FAIL	0
specs/tri/utils/logging.t27	COMPILE_FAIL	0
specs/tri/utils/random.t27	COMPILE_FAIL	0
specs/tri/utils/version.t27	COMPILE_FAIL	0
specs/tri/utils/color.t27	COMPILE_FAIL	0
specs/tri/utils/bytes.t27	COMPILE_FAIL	0
specs/tri/math/matrix.t27	COMPILE_FAIL	0
specs/tri/math/probability.t27	COMPILE_FAIL	0
specs/tri/math/polynomial.t27	COMPILE_FAIL	0
specs/tri/math/constants.t27	COMPILE_FAIL	0
specs/tri/math/bezier.t27	COMPILE_FAIL	0
specs/tri/math/statistics.t27	COMPILE_FAIL	0
specs/tri/search/pattern.t27	COMPILE_FAIL	0
specs/tri/search/search.t27	COMPILE_FAIL	0
specs/tri/search/knuth_morris_pratt.t27	COMPILE_FAIL	0
specs/tri/search/rabin_karp.t27	COMPILE_FAIL	0
specs/tri/search/regex.t27	COMPILE_FAIL	0
specs/tri/search/boyer_moore.t27	COMPILE_FAIL	0
specs/tri/search/bloom_filter.t27	COMPILE_FAIL	0
specs/tri/search/match.t27	COMPILE_FAIL	0
specs/tri/search/aho_corasick.t27	COMPILE_FAIL	0
specs/tri/search/regex_advanced.t27	COMPILE_FAIL	0
specs/tri/collections/linked_list.t27	COMPILE_FAIL	0
specs/tri/collections/priority_queue.t27	COMPILE_FAIL	0
specs/tri/collections/circular_buffer.t27	COMPILE_FAIL	0
specs/tri/collections/lockfree_stack.t27	COMPILE_FAIL	0
specs/tri/collections/interval.t27	COMPILE_FAIL	0
specs/tri/collections/bitvector.t27	COMPILE_FAIL	0
specs/tri/collections/bitmap.t27	COMPILE_FAIL	0
specs/tri/collections/deque.t27	COMPILE_FAIL	0
specs/tri/collections/lru_cache.t27	COMPILE_FAIL	0
specs/fpga/testbench/top_tb.t27	COMPILE_FAIL	0
specs/ml/layers/dense_layer.t27	COMPILE_FAIL	0
specs/ml/layers/batchnorm_layer.t27	COMPILE_FAIL	0
specs/ml/layers/maxpool2d_layer.t27	COMPILE_FAIL	0
specs/ml/layers/dropout_layer.t27	COMPILE_FAIL	0
specs/ml/layers/residual_connection.t27	COMPILE_FAIL	0
specs/ml/layers/flatten_layer.t27	COMPILE_FAIL	0
specs/ml/layers/embedding_layer.t27	COMPILE_FAIL	0
specs/ml/layers/conv2d_layer.t27	COMPILE_FAIL	0
specs/ml/layers/avgpool2d_layer.t27	COMPILE_FAIL	0
specs/ml/layers/layernorm_layer.t27	COMPILE_FAIL	0
specs/ml/optimizer/adamw.t27	COMPILE_FAIL	0
specs/ml/optimizer/race_config.t27	ALL_PASS	6
specs/ml/optimizer/sgd.t27	COMPILE_FAIL	0
specs/ml/optimizer/lr_scheduler.t27	COMPILE_FAIL	0
specs/ml/optimizer/rmsprop.t27	COMPILE_FAIL	0
specs/ml/optimizer/lamb.t27	COMPILE_FAIL	0
specs/ml/optimizer/adam.t27	COMPILE_FAIL	0
specs/ml/optimizer/adagrad.t27	COMPILE_FAIL	0
specs/ml/optimizer/sgd_momentum.t27	COMPILE_FAIL	0
specs/ml/loss/contrastive_loss.t27	COMPILE_FAIL	0
specs/ml/loss/kl_divergence.t27	COMPILE_FAIL	0
specs/ml/loss/mse_loss.t27	COMPILE_FAIL	0
specs/ml/loss/binary_crossentropy_loss.t27	COMPILE_FAIL	0
specs/ml/loss/huber_loss.t27	COMPILE_FAIL	0
specs/ml/loss/cross_entropy_loss.t27	COMPILE_FAIL	0
specs/ml/transformer/feed_forward_network.t27	COMPILE_FAIL	0
specs/ml/transformer/mha_block.t27	COMPILE_FAIL	0
specs/ml/transformer/encoder_block.t27	COMPILE_FAIL	0
specs/ml/transformer/multi_head_attention.t27	COMPILE_FAIL	0
specs/ml/transformer/positional_encoding.t27	COMPILE_FAIL	0
specs/ml/transformer/norm.t27	COMPILE_FAIL	0
specs/ml/activation/gelu_approx_activation.t27	COMPILE_FAIL	0
specs/ml/activation/gelu_activation.t27	COMPILE_FAIL	0
specs/ml/activation/softmax.t27	COMPILE_FAIL	0
specs/ml/activation/elu_activation.t27	COMPILE_FAIL	0
specs/ml/activation/relu_activation.t27	COMPILE_FAIL	0
specs/ml/activation/silu_swish_activation.t27	COMPILE_FAIL	0
specs/ml/activation/leaky_relu_activation.t27	COMPILE_FAIL	0
specs/ml/activation/tanh_activation.t27	COMPILE_FAIL	0
specs/ml/activation/sigmoid_activation.t27	COMPILE_FAIL	0
specs/ml/recurrent/bilstm.t27	COMPILE_FAIL	0
specs/ml/recurrent/attention_mechanism.t27	COMPILE_FAIL	0
specs/ml/recurrent/gru_cell.t27	COMPILE_FAIL	0
specs/ml/recurrent/seq2seq.t27	COMPILE_FAIL	0
specs/ml/recurrent/lstm_cell.t27	COMPILE_FAIL	0
specs/ml/recurrent/lstm_single.t27	COMPILE_FAIL	0
specs/ml/recurrent/self_attention.t27	COMPILE_FAIL	0
specs/ml/recurrent/rnn_cell.t27	COMPILE_FAIL	0
specs/ml/pathway/mlp.t27	COMPILE_FAIL	0
specs/ml/rl/dqn_target_network.t27	COMPILE_FAIL	0
specs/ml/rl/ppo_critic.t27	COMPILE_FAIL	0
specs/ml/rl/advantage_estimator.t27	COMPILE_FAIL	0
specs/ml/rl/sac_critic.t27	COMPILE_FAIL	0
specs/ml/rl/ppo_actor.t27	COMPILE_FAIL	0
specs/ml/rl/ppo_clip_loss.t27	COMPILE_FAIL	0
specs/ml/rl/dqn.t27	COMPILE_FAIL	0
specs/ml/rl/sac_actor.t27	COMPILE_FAIL	0
specs/igla/integration/publication.t27	COMPILE_FAIL	0
specs/igla/training/pilot_pretraining.t27	ALL_PASS	3
specs/igla/training/scale_up.t27	ALL_PASS	3
specs/igla/training/low_bit_ternary.t27	ALL_PASS	3
specs/igla/training/roadmap.t27	COMPILE_FAIL	0
specs/igla/race/ternary_inference.t27	COMPILE_FAIL	0
specs/igla/race/opcodes.t27	COMPILE_FAIL	0
specs/igla/race/cordic_top.t27	COMPILE_FAIL	0
specs/igla/race/formal.t27	COMPILE_FAIL	0
specs/igla/race/systolic_array.t27	COMPILE_FAIL	0
specs/igla/race/eda.t27	COMPILE_FAIL	0
specs/igla/race/cordic.t27	COMPILE_FAIL	0
specs/igla/race/bram_weights.t27	COMPILE_FAIL	0
specs/igla/race/yosys.t27	COMPILE_FAIL	0
specs/igla/race/gemm.t27	COMPILE_FAIL	0
specs/igla/race/cordic_fixed.t27	COMPILE_FAIL	0
specs/igla/race/ternary_mac.t27	COMPILE_FAIL	0
specs/igla/race/adder_tree.t27	ALL_PASS	335
specs/igla/race/ternary_gemm.t27	COMPILE_FAIL	0
specs/igla/race/systolic_ternary.t27	COMPILE_FAIL	0
specs/igla/evaluation/multi_lang_harness.t27	ALL_PASS	6
specs/igla/coder/bench_proxy.t27	COMPILE_FAIL	0
specs/igla/coder/dataset.t27	COMPILE_FAIL	0
specs/igla/coder/training.t27	COMPILE_FAIL	0
specs/igla/coder/prm.t27	COMPILE_FAIL	0
specs/igla/coder/pipeline.t27	COMPILE_FAIL	0
specs/igla/coder/benchmark.t27	COMPILE_FAIL	0
